{
  "accuracy_history": [],
  "response_times": {
    "predict": [
      201.00808143615723,
      95.14904022216797,
      134.46807861328125,
      93.63675117492676,
      86.67778968811035,
      204.13899421691895,
      177.56390571594238,
      19.171953201293945,
      1.7919540405273438
    ],
    "upload": [
      98.27399253845215,
      24.850130081176758,
      136.9459629058838,
      110.77475547790527
    ],
    "retrain": [
      0.29277801513671875,
      0.18405914306640625
    ],
    "monitor": [
      0.19097328186035156,
      0.2739429473876953,
      0.47588348388671875,
      0.32401084899902344,
      0.44226646423339844,
      0.6160736083984375,
      1.055002212524414,
      0.4990100860595703,
      1.6350746154785156,
      0.2779960632324219,
      0.19311904907226562,
      0.6439685821533203,
      1.0449886322021484,
      0.9047985076904297
    ]
  },
  "prediction_distribution": {
    "low": 0,
    "medium": 0,
    "high": 0
  },
  "last_retraining": null
}